Charge (C) ,x position,y position,z position
0.00001,0,0,3
-0.00001,2.853,0,0.927
-0.00001,-2.853,0,0.927
0.00001,1.763,0,-2.427
0.00001,-1.763,0,-2.427
